<books>
    <book>
        <title>To Kill a Mockingbird</title>
        <author>Harper Lee</author>
        <year>1960</year>
    </book>
    <book>
        <title>1984</title>
        <author>George Orwell</author>
        <year>1949</year>
    </book>
    <book>
        <title>Moby Dick</title>
        <author>Herman Melville</author>
        <year>1851</year>
    </book>
    <book>
        <title>The Great Gatsby</title>
        <author>F. Scott Fitzgerald</author>
        <year>1925</year>
    </book>
    <book>
        <title>Pride and Prejudice</title>
        <author>Jane Austen</author>
        <year>1813</year>
    </book>
    <book>
        <title>War and Peace</title>
        <author>Leo Tolstoy</author>
        <year>1869</year>
    </book>
    <book>
        <title>The Catcher in the Rye</title>
        <author>J.D. Salinger</author>
        <year>1951</year>
    </book>
    <book>
        <title>The Hobbit</title>
        <author>J.R.R. Tolkien</author>
        <year>1937</year>
    </book>
    <book>
        <title>The Odyssey</title>
        <author>Homer</author>
        <year>-700</year>
    </book>
    <book>
        <title>Crime and Punishment</title>
        <author>Fyodor Dostoevsky</author>
        <year>1866</year>
    </book>
</books>
