[
    {"title": "To Kill a Mockingbird", "author": "Harper Lee", "year": 1960},
    {"title": "1984", "author": "George Orwell", "year": 1949},
    {"title": "Moby Dick", "author": "Herman Melville", "year": 1851},
    {"title": "The Great Gatsby", "author": "F. Scott Fitzgerald", "year": 1925},
    {"title": "Pride and Prejudice", "author": "Jane Austen", "year": 1813},
    {"title": "War and Peace", "author": "Leo Tolstoy", "year": 1869},
    {"title": "The Catcher in the Rye", "author": "J.D. Salinger", "year": 1951},
    {"title": "The Hobbit", "author": "J.R.R. Tolkien", "year": 1937},
    {"title": "The Odyssey", "author": "Homer", "year": -700},
    {"title": "Crime and Punishment", "author": "Fyodor Dostoevsky", "year": 1866}
]
